{
  "global": {
    "rotation_error_deg (Avg Axis Error)": {
      "MAE": 1.6444390688287278,
      "MSE": 2.804394597103196,
      "MAPE": 71.47677677319261,
      "MAX": 2.068130025598704,
      "MIN": 0.908275855408658,
      "STD": 0.3165671271830071,
      "COUNT": 10
    },
    "translation_direction_error_deg": {
      "MAE": 78.86409574579227,
      "MSE": 6287.624155697732,
      "MAPE": 7886.409495715132,
      "MAX": 88.7977244392677,
      "MIN": 60.82988935327138,
      "STD": 8.250973148437822,
      "COUNT": 10
    },
    "translation_scale_error_pct": {
      "MAE": 23.58042096984166,
      "MSE": 631.1784835184948,
      "MAPE": 2358.042073403746,
      "MAX": 37.5632837985827,
      "MIN": 11.354946957357424,
      "STD": 8.668461824542256,
      "COUNT": 10
    },
    "reprojection_rms_px": {
      "MAE": 0.6092948424318937,
      "MSE": 0.37222186704955285,
      "MAPE": 60.92948363389454,
      "MAX": 0.6775058417070923,
      "MIN": 0.5705088998338589,
      "STD": 0.031331486326802445,
      "COUNT": 10
    },
    "roll_abs_error_deg": {
      "MAE": 0.5217971314884766,
      "MSE": 0.3691969433291347,
      "MAPE": 208.41170609019852,
      "MAX": 1.0423284778440367,
      "MIN": 0.0788759963354086,
      "STD": 0.311327314734079,
      "COUNT": 10
    },
    "pitch_abs_error_deg": {
      "MAE": 2.6208121424991964,
      "MSE": 7.48623322865007,
      "MAPE": 1341.3356404985427,
      "MAX": 3.9890702324442406,
      "MIN": 0.9653846939717208,
      "STD": 0.7858606380134077,
      "COUNT": 10
    },
    "yaw_abs_error_deg": {
      "MAE": 1.790707932498511,
      "MSE": 3.299803878533747,
      "MAPE": 24.69314515549879,
      "MAX": 2.3301768308806494,
      "MIN": 1.1991639565265189,
      "STD": 0.3052359399229642,
      "COUNT": 10
    },
    "num_pairs_processed": 10
  },
  "per_axis": {
    "roll": {
      "MAE": 0.5217971314884766,
      "MSE": 0.3691969433291347,
      "MAPE": 208.41170609019852,
      "MAX": 1.0423284778440367,
      "MIN": 0.0788759963354086,
      "STD": 0.311327314734079,
      "COUNT": 10
    },
    "pitch": {
      "MAE": 2.6208121424991964,
      "MSE": 7.48623322865007,
      "MAPE": 1341.3356404985427,
      "MAX": 3.9890702324442406,
      "MIN": 0.9653846939717208,
      "STD": 0.7858606380134077,
      "COUNT": 10
    },
    "yaw": {
      "MAE": 1.790707932498511,
      "MSE": 3.299803878533747,
      "MAPE": 24.69314515549879,
      "MAX": 2.3301768308806494,
      "MIN": 1.1991639565265189,
      "STD": 0.3052359399229642,
      "COUNT": 10
    }
  }
}