{
  "rotation_error_deg (Avg Axis Error)": {
    "MAE": 10.373200710840006,
    "MSE": 107.6032929873716,
    "MAPE": 8279.083269506584,
    "MAX": 10.373200710840006,
    "MIN": 10.373200710840006,
    "STD": 0.0,
    "COUNT": 1
  },
  "translation_direction_error_deg": {
    "MAE": 78.60719207268725,
    "MSE": 6179.090645552346,
    "MAPE": 7860.719128661534,
    "MAX": 78.60719207268725,
    "MIN": 78.60719207268725,
    "STD": 0.0,
    "COUNT": 1
  },
  "translation_scale_error_pct": {
    "MAE": 3465.721498536613,
    "MSE": 12011225.505418867,
    "MAPE": 346572.14638793987,
    "MAX": 3465.721498536613,
    "MIN": 3465.721498536613,
    "STD": 0.0,
    "COUNT": 1
  },
  "reprojection_rms_px": {
    "MAE": 0.6917554254103438,
    "MSE": 0.4785255685846458,
    "MAPE": 69.17554184927897,
    "MAX": 0.6917554254103438,
    "MIN": 0.6917554254103438,
    "STD": 0.0,
    "COUNT": 1
  },
  "roll_abs_error_deg": {
    "MAE": 0.18435434497147418,
    "MSE": 0.03398652450986131,
    "MAPE": 129.6307536893491,
    "MAX": 0.18435434497147418,
    "MIN": 0.18435434497147418,
    "STD": 0.0,
    "COUNT": 1
  },
  "pitch_abs_error_deg": {
    "MAE": 0.5159202345508157,
    "MSE": 0.2661736884189687,
    "MAPE": 164.0740498825683,
    "MAX": 0.5159202345508157,
    "MIN": 0.5159202345508157,
    "STD": 0.0,
    "COUNT": 1
  },
  "yaw_abs_error_deg": {
    "MAE": 30.41932755299773,
    "MSE": 925.3354887765668,
    "MAPE": 14936.794871863725,
    "MAX": 30.41932755299773,
    "MIN": 30.41932755299773,
    "STD": 0.0,
    "COUNT": 1
  },
  "num_pairs_processed": 1
}